train_loss_avg,train_acc_avg,val_loss_avg,val_acc_avg,test_loss_avg,test_acc_avg
0.07609982599999678,0.9707408023049641,0.22061466103179556,0.94,0.1660797824151814,0.9561298076923077
