train_loss_avg,train_acc_avg,val_loss_avg,val_acc_avg,test_loss_avg,test_acc_avg
0.12143473249335003,0.948363253546099,0.2125811866811273,0.9253125,0.1294767155777663,0.9619891826923077
